{
  "produtos": [
    {
      "id": 1,
      "produto": "Jogo 1",
      "descricao": "Descrição do jogo 1",
      "foto": "jogo1.PNG",
      "preco": 300
    },
    {
      "id": 2,
      "produto": "Jogo 2",
      "descricao": "Descrição do jogo 2",
      "foto": "jogo2.PNG",
      "preco": 200
    },
    {
      "id": 3,
      "produto": "Jogo 3",
      "descricao": "Descrição do jogo 3",
      "foto": "jogo3.PNG",
      "preco": 400
    },
    {
      "id": 4,
      "produto": "Jogo Modificado",
      "descricao": "Descrição do Jogo Modificado",
      "foto": "jogo1.PNG",
      "preco": 200
    }
  ]
}